Workbook

Sheet Assumptions
A1: Project Cost Estimate - Elder Care Robot Product
A2: Assumption | B2: Value
A3: Project duration (months) | B3: 12
A4: Estimated working hours per month | B4: =44*4 -> 176
A5: Employee hourly rate (Toman) | B5: 500000
A6: Trainee hourly rate (Toman) | B6: 250000
A7: Hardware contractor hourly rate (Toman) | B7: 500000
A8: Contingency percentage | B8: 0.2
A9: Cost unit | B9: Toman

Sheet Cost Estimate
G10: WBS Items | H10: Qty | I10: Months | J10: Allocation | K10: Units and Hrs. | L10: Cost / (Unit and Hrs.) | M10: Subtotal | N10: WBS Level 2 Subtotals | O10: % of Total Cost | Q10: Notes
G11: 0. Project Management | N11: =SUM(M12:M13) -> 1320000000 | O11: =CostEstimateTable[[#This Row],[WBS Level 2 Subtotals]]/$N$32 -> 0.052024215
G12: Project Manager | H12: 1 | I12: 12 | J12: 1 | K12: =CostEstimateTable[[#This Row],[Qty]]*CostEstimateTable[[#This Row],[Months]]*CostEstimateTable[[#This Row],[Allocation]]*Assumptions!$B$4 -> 2112 | L12: =Assumptions!$B$5 -> 500000 | M12: =CostEstimateTable[[#This Row],[Units and Hrs.]]*CostEstimateTable[[#This Row],[Cost / (Unit and Hrs.)]] -> 1056000000
G13: Trainee Team Member | H13: 1 | I13: 6 | J13: 1 | K13: =CostEstimateTable[[#This Row],[Qty]]*CostEstimateTable[[#This Row],[Months]]*CostEstimateTable[[#This Row],[Allocation]]*Assumptions!$B$4 -> 1056 | L13: =Assumptions!$B$6 -> 250000 | M13: =CostEstimateTable[[#This Row],[Units and Hrs.]]*CostEstimateTable[[#This Row],[Cost / (Unit and Hrs.)]] -> 264000000
G14: 1. AI Development | N14: =SUM(M15:M16) -> 3432000000 | O14: =CostEstimateTable[[#This Row],[WBS Level 2 Subtotals]]/$N$32 -> 0.13526296
G15: AI Developers | H15: 3 | I15: 12 | J15: 1 | K15: =CostEstimateTable[[#This Row],[Qty]]*CostEstimateTable[[#This Row],[Months]]*CostEstimateTable[[#This Row],[Allocation]]*Assumptions!$B$4 -> 6336 | L15: =Assumptions!$B$5 -> 500000 | M15: =CostEstimateTable[[#This Row],[Units and Hrs.]]*CostEstimateTable[[#This Row],[Cost / (Unit and Hrs.)]] -> 3168000000
G16: Trainee Team Member | H16: 1 | I16: 6 | J16: 1 | K16: =CostEstimateTable[[#This Row],[Qty]]*CostEstimateTable[[#This Row],[Months]]*CostEstimateTable[[#This Row],[Allocation]]*Assumptions!$B$4 -> 1056 | L16: =Assumptions!$B$6 -> 250000 | M16: =CostEstimateTable[[#This Row],[Units and Hrs.]]*CostEstimateTable[[#This Row],[Cost / (Unit and Hrs.)]] -> 264000000
G17: 2. Hardware Development | N17: =SUM(M18:M19) -> 6056000000 | O17: =CostEstimateTable[[#This Row],[WBS Level 2 Subtotals]]/$N$32 -> 0.23868079
G18: Outside Contractors | H18: 2 | I18: 12 | J18: 0.5 | K18: =CostEstimateTable[[#This Row],[Qty]]*CostEstimateTable[[#This Row],[Months]]*CostEstimateTable[[#This Row],[Allocation]]*Assumptions!$B$4 -> 2112 | L18: =Assumptions!$B$7 -> 500000 | M18: =CostEstimateTable[[#This Row],[Units and Hrs.]]*CostEstimateTable[[#This Row],[Cost / (Unit and Hrs.)]] -> 1056000000
G19: Prototype Robots | H19: 100 | L19: 50000000 | M19: =H19*L19 -> 5000000000 | Q19: Prototype robot parts, sensors, boards, actuators and casing
G20: 3. Software Development | N20: =SUM(M21:M22) -> 3432000000 | O20: =CostEstimateTable[[#This Row],[WBS Level 2 Subtotals]]/$N$32 -> 0.13526296
G21: Software Developers | H21: 3 | I21: 12 | J21: 1 | K21: =CostEstimateTable[[#This Row],[Qty]]*CostEstimateTable[[#This Row],[Months]]*CostEstimateTable[[#This Row],[Allocation]]*Assumptions!$B$4 -> 6336 | L21: =Assumptions!$B$5 -> 500000 | M21: =CostEstimateTable[[#This Row],[Units and Hrs.]]*CostEstimateTable[[#This Row],[Cost / (Unit and Hrs.)]] -> 3168000000
G22: Trainee Team Member | H22: 1 | I22: 6 | J22: 1 | K22: =CostEstimateTable[[#This Row],[Qty]]*CostEstimateTable[[#This Row],[Months]]*CostEstimateTable[[#This Row],[Allocation]]*Assumptions!$B$4 -> 1056 | L22: =Assumptions!$B$6 -> 250000 | M22: =CostEstimateTable[[#This Row],[Units and Hrs.]]*CostEstimateTable[[#This Row],[Cost / (Unit and Hrs.)]] -> 264000000
G23: 4. Software-Hardware Integration | N23: =SUM(M24:M25) -> 3584000000 | O23: =CostEstimateTable[[#This Row],[WBS Level 2 Subtotals]]/$N$32 -> 0.14125363
G24: Integration | M24: =(N14+N17+N20)*0.2 -> 2584000000 | Q24: 20% of total software / hardware / Ai development cost
G25: Servers | H25: 2 | L25: 500000000 | M25: =L25*CostEstimateTable[[#This Row],[Qty]] -> 1000000000
G26: 5. Software / Hardware / AI Test | M26: =(N14+N17+N20)*0.1 -> 1292000000 | N26: =CostEstimateTable[[#This Row],[Subtotal]] -> 1292000000 | O26: =CostEstimateTable[[#This Row],[WBS Level 2 Subtotals]]/$N$32 -> 0.050920671 | Q26: 10% of total software / hardware / Ai development cost
G27: 6. Marketing Before Launch | N27: =SUM(M28:M29) -> 2028000000 | O27: =CostEstimateTable[[#This Row],[WBS Level 2 Subtotals]]/$N$32 -> 0.079928112
G28: Marketing Employees | H28: 2 | I28: 3 | J28: 1 | K28: =CostEstimateTable[[#This Row],[Qty]]*CostEstimateTable[[#This Row],[Months]]*CostEstimateTable[[#This Row],[Allocation]]*Assumptions!$B$4 -> 1056 | L28: =Assumptions!$B$5 -> 500000 | M28: =CostEstimateTable[[#This Row],[Units and Hrs.]]*CostEstimateTable[[#This Row],[Cost / (Unit and Hrs.)]] -> 528000000
G29: Advertising Campaigns | M29: 1500000000
G30: Subtotal (Cost Definitive Estimate) | M30: =SUM(N11,N14,N17,N20,N23,N26,N27) -> 21144000000
G31: 7. Contigency Reserves | N31: =M30*0.2 -> 4228800000 | O31: =CostEstimateTable[[#This Row],[WBS Level 2 Subtotals]]/$N$32 -> 0.16666667
G32: Total Project Cost Estimate | N32: =SUM(N11,N14,N17,N20,N23,N26,N27,N31) -> 25372800000 | O32: =CostEstimateTable[[#This Row],[WBS Level 2 Subtotals]]/$N$32 -> 1
